<?xml version="1.0" encoding="UTF-8"?>
<application id="ect-stw" version="5" xmlns="http://java.sun.com/xml/ns/javaee" xmlns:xsi="http://www.w3.org/2001/XMLSchema-instance"
	xsi:schemaLocation="http://java.sun.com/xml/ns/javaee http://java.sun.com/xml/ns/javaee/application_5.xsd"
>
	<display-name>ect-stw</display-name>
	<!--
		<module>
		<ejb>ect-stw-ejb.jar</ejb>
		</module>
	-->
	<module>
		<web>
			<web-uri>ect-stw.war</web-uri>
			<context-root>ect-stw</context-root>
		</web>
	</module>
</application>
