<?xml version="1.0" encoding="UTF-8"?>
<datasources>
	<local-tx-datasource>
		<jndi-name>ect_stw_edistrib</jndi-name>
		<connection-url>jdbc:oracle:thin:@evnoltq3.ae.ge.com:1522:EVNOLTQ3</connection-url>
		<driver-class>oracle.jdbc.OracleDriver</driver-class>
		<user-name>dst_web</user-name>
		<password></password>
		<use-java-context>false</use-java-context>
		<exception-sorter-class-name>org.jboss.resource.adapter.jdbc.vendor.OracleExceptionSorter</exception-sorter-class-name>
		<valid-connection-checker-class-name>
			org.jboss.resource.adapter.jdbc.vendor.OracleValidConnectionChecker
		</valid-connection-checker-class-name>
		<min-pool-size>10</min-pool-size>
		<max-pool-size>25</max-pool-size>
		<metadata>
			<type-mapping>Oracle9i</type-mapping>
		</metadata>
	</local-tx-datasource>	
</datasources>
