<beans xmlns="http://www.springframework.org/schema/beans" xmlns:xsi="http://www.w3.org/2001/XMLSchema-instance"
	xmlns:aop="http://www.springframework.org/schema/aop"
	xsi:schemaLocation="http://www.springframework.org/schema/beans
              http://www.springframework.org/schema/beans/spring-beans-2.0.xsd
              http://www.springframework.org/schema/aop
              http://www.springframework.org/schema/aop/spring-aop-2.0.xsd"
>
	<bean id="contextApplicationContextProvider" class="com.geinfra.geaviation.ectstw.spring.SpringApplicationContextProvider" />
	<bean id="dataSource" class="org.springframework.jndi.JndiObjectFactoryBean">
		<property name="jndiName" value="ect_stw_edistrib" />
	</bean>
	<!-- 
	<bean id="geJdbcTemplate" class="geae.dao.GEAEJDBCTemplate">
		<constructor-arg value="true" />
		<property name="dataSource" ref="dataSource" />
	</bean>
	-->
	<bean id="resourceFactory" class="com.geinfra.geaviation.ectstw.resource.ResourceFactory" factory-method="createInstance">
		<constructor-arg index="0" type="java.lang.String" value="com.geinfra.geaviation.ectstw.resource.QueryList" />
		<constructor-arg index="1" type="java.lang.String" value="com.geinfra.geaviation.ectstw.resource.TextMessageList" />
		<constructor-arg index="2" type="java.lang.String" value="/opt/shared/apps/j2ee/ect-stw/props/environment.properties" />
	</bean>
	
	<bean id="faceletUIDataConverter" class="com.geinfra.geaviation.ectstw.utils.FaceletUIDataConvertorImpl" />
	<bean id="allListDAO" class="com.geinfra.geaviation.ectstw.model.dao.ApplicationDao">
		<property name="dataSource">
			<ref bean="dataSource" />
		</property>
	</bean>
	
	
	<bean id="ectTagWebService" class="com.geinfra.geaviation.ectstw.webservice.ECTTagWebService"></bean>
	<!--
	<bean id="componentStatusUpdater" class="com.geinfra.geaviation.ectstw.bean.ComponentStatusUpdaterImpl" />
	-->
	
	<bean id="tagRulesDao" class="com.geinfra.geaviation.ectstw.model.dao.TagRulesDao">
		<property name="dataSource">
			<ref bean="dataSource" />
		</property>
	</bean>
	<bean id="dneQuestionDao" class="com.geinfra.geaviation.ectstw.model.dao.DNEQuestionDao">
		<property name="dataSource">
			<ref bean="dataSource" />
		</property>
	</bean>
	<bean id="ctrlTechQuestionDao" class="com.geinfra.geaviation.ectstw.model.dao.CtrlTechQuestionDao">
		<property name="dataSource">
			<ref bean="dataSource" />
		</property>
	</bean>
	<bean id="earQuestionDao" class="com.geinfra.geaviation.ectstw.model.dao.EARQuestionDao">
		<property name="dataSource">
			<ref bean="dataSource" />
		</property>
	</bean>
	<bean id="exportAuthDao" class="com.geinfra.geaviation.ectstw.model.dao.ExportAuthDao">
		<property name="dataSource">
			<ref bean="dataSource" />
		</property>
	</bean>
	<bean id="exportControlDao" class="com.geinfra.geaviation.ectstw.model.dao.ExportControlDao"/>

	<bean id="itarQuestionDao" class="com.geinfra.geaviation.ectstw.model.dao.ITARQuestionDao">
		<property name="dataSource">
			<ref bean="dataSource" />
		</property>
	</bean>
	<bean id="jurusductionQuestionDao" class="com.geinfra.geaviation.ectstw.model.dao.JurusductionQuestionDao">
		<property name="dataSource">
			<ref bean="dataSource" />
		</property>
	</bean>
	<bean id="rationaleDao" class="com.geinfra.geaviation.ectstw.model.dao.RationaleDao">
		<property name="dataSource">
			<ref bean="dataSource" />
		</property>
	</bean>
	
	<bean id="tagRulesService" class="com.geinfra.geaviation.ectstw.service.TagRulesService">
		<property name="tagRulesDao">
			<ref bean="tagRulesDao" />
		</property>		
	</bean>
	<bean id="dneQuestionService" class="com.geinfra.geaviation.ectstw.service.DNEQuestionService">
		<property name="dneQuestionDao">
			<ref bean="dneQuestionDao" />
		</property>
		<property name="tagRulesService">
			<ref bean="tagRulesService" />
		</property>
	</bean>
	<bean id="ctrlTechQuestionService" class="com.geinfra.geaviation.ectstw.service.CtrlTechQuestionService">
		<property name="ctrlTechQuestionDao">
			<ref bean="ctrlTechQuestionDao" />
		</property>
		<property name="tagRulesService">
			<ref bean="tagRulesService" />
		</property>
	</bean>
	<bean id="jurisdictionQuestionService" class="com.geinfra.geaviation.ectstw.service.JurisdictionQuestionService">
		<property name="jurusductionQuestionDao">
			<ref bean="jurusductionQuestionDao" />
		</property>
		<property name="tagRulesService">
			<ref bean="tagRulesService" />
		</property>
	</bean>
	<bean id="earQuestionService" class="com.geinfra.geaviation.ectstw.service.EARQuestionService">
		<property name="earQuestionDao">
			<ref bean="earQuestionDao" />
		</property>
		<property name="tagRulesService">
			<ref bean="tagRulesService" />
		</property>
	</bean>
	<bean id="itarQuestionService" class="com.geinfra.geaviation.ectstw.service.ITARQuestionService">
		<property name="itarQuestionDao">
			<ref bean="itarQuestionDao" />
		</property>
		<property name="tagRulesService">
			<ref bean="tagRulesService" />
		</property>
	</bean>	
	<bean id="rationaleService" class="com.geinfra.geaviation.ectstw.service.RationaleService">
		<property name="rationaleDao">
			<ref bean="rationaleDao" />
		</property>
		<property name="tagRulesService">
			<ref bean="tagRulesService" />
		</property>
	</bean>
	
	<bean id="dneQuestionVO" class="com.geinfra.geaviation.ectstw.data.DNEQuestionVO" scope="session"/>
	<bean id="ctrlTechQuestionVO" class="com.geinfra.geaviation.ectstw.data.CtrlTechQuestionVO" scope="session"/>
	<bean id="jurisdictionQuestionVO" class="com.geinfra.geaviation.ectstw.data.JurisdictionQuestionVO" scope="session"/>
	<bean id="itarQuestionVO" class="com.geinfra.geaviation.ectstw.data.ITARQuestionVO" scope="session"/>
	<bean id="earQuestionVO" class="com.geinfra.geaviation.ectstw.data.EARQuestionVO" scope="session"/>
	<bean id="exportAuthVO" class="com.geinfra.geaviation.ectstw.data.ExportAuthVO" scope="session"/>	
	<bean id="rationaleVO" class="com.geinfra.geaviation.ectstw.data.RationaleVO" scope="session"/>
		
	<bean id="dneQuestionBean" class="com.geinfra.geaviation.ectstw.bean.DNEQuestionBean" scope="session">
		<property name="faceletUtil">
			<ref bean="faceletUIDataConverter" />
		</property>
		<property name="dneQuestionService">
			<ref bean="dneQuestionService" />
		</property>
		<property name="dneQuestionVO">
			<ref bean="dneQuestionVO" />
		</property>		
	</bean>
	
	<bean id="ctrlTechQuestionBean" class="com.geinfra.geaviation.ectstw.bean.CtrlTechQuestionBean" scope="session">
		<property name="faceletUtil">
			<ref bean="faceletUIDataConverter" />
		</property>
		<property name="ctrlTechQuestionVO">
			<ref bean="ctrlTechQuestionVO" />
		</property>
		<property name="ctrlTechQuestionService">
			<ref bean="ctrlTechQuestionService" />
		</property>
	</bean>
	<bean id="jurisdictionQuestionBean" class="com.geinfra.geaviation.ectstw.bean.JurisdictionQuestionBean" scope="session">
		<property name="faceletUtil">
			<ref bean="faceletUIDataConverter" />
		</property>
		<property name="jurisdictionQuestionVO">
			<ref bean="jurisdictionQuestionVO" />
		</property>
		<property name="jurisdictionQuestionService">
			<ref bean="jurisdictionQuestionService" />
		</property>
	</bean>
	<bean id="itarQuestionBean" class="com.geinfra.geaviation.ectstw.bean.ITARQuestionBean" scope="session">
		<property name="faceletUtil">
			<ref bean="faceletUIDataConverter" />
		</property>
		<property name="itarQuestionVO">
			<ref bean="itarQuestionVO" />
		</property>
		<property name="itarQuestionService">
			<ref bean="itarQuestionService" />
		</property>
	</bean>
	<bean id="earQuestionBean" class="com.geinfra.geaviation.ectstw.bean.EARQuestionBean" scope="session">
		<property name="faceletUtil">
			<ref bean="faceletUIDataConverter" />
		</property>
		<property name="earQuestionVO">
			<ref bean="earQuestionVO" />
		</property>
		<property name="earQuestionService">
			<ref bean="earQuestionService" />
		</property>
	</bean>
	<bean id="rationalBean" class="com.geinfra.geaviation.ectstw.bean.RationaleBean" scope="session">
		<property name="faceletUtil">
			<ref bean="faceletUIDataConverter" />
		</property>
		<property name="rationaleVO">
			<ref bean="rationaleVO" />
		</property>
		<property name="rationaleService">
			<ref bean="rationaleService" />
		</property>
	</bean>
	
	
	<bean id="dwbWizard" class="com.geinfra.geaviation.ectstw.wizards.DWBWizard" scope="session" init-method="init">
		<!--  
		<property name="compStatusUpdater">
			<ref bean="componentStatusUpdater" />
		</property>
		-->	
		<property name="dneQuestionBean">
			<ref bean="dneQuestionBean" />
		</property>
		<property name="ctrlTechQuestionBean">
			<ref bean="ctrlTechQuestionBean" />
		</property>
		<property name="jurisdictionQuestionBean">
			<ref bean="jurisdictionQuestionBean" />
		</property>
		<property name="itarQuestionBean">
			<ref bean="itarQuestionBean" />
		</property>
		<property name="earQuestionBean">
			<ref bean="earQuestionBean" />
		</property>
		<property name="rationaleBean">
			<ref bean="rationalBean" />
		</property>
		<property name="exportControlDao">
			<ref bean="exportControlDao" />
		</property>		
	</bean>
</beans>
