<?xml version="1.0" encoding="UTF-8"?>
<deployments>
	<deployment>
		<if-exists>overwrite</if-exists>
		<parent-ref>main</parent-ref>
		<page>
			<page-name>ect-stw-Home</page-name>
			<window>
				<window-name>geportal-HeaderPortletWindow</window-name>
				<instance-ref>geportal-HeaderPortletInstance</instance-ref>
				<region>header</region>
				<height>0</height>
				<properties>
					<property>
						<name>theme.windowRendererId</name>
						<value>emptyRenderer</value>
					</property>
					<property>
						<name>theme.decorationRendererId</name>
						<value>emptyRenderer</value>
					</property>
					<property>
						<name>theme.portletRendererId</name>
						<value>emptyRenderer</value>
					</property>
				</properties>
			</window>
			<window>
				<window-name>toolsportal-TabNavigationPortletWindow</window-name>
				<instance-ref>toolsportal-TabNavigationPortletInstance</instance-ref>
				<region>navigation</region>
				<height>0</height>
				<properties>
					<property>
						<name>theme.windowRendererId</name>
						<value>emptyRenderer</value>
					</property>
					<property>
						<name>theme.decorationRendererId</name>
						<value>emptyRenderer</value>
					</property>
					<property>
						<name>theme.portletRendererId</name>
						<value>emptyRenderer</value>
					</property>
				</properties>
			</window>
			<window>
				<window-name>ect-stw-PanelNavigationPortletWindow</window-name>
				<instance-ref>ect-stw-PanelNavigationPortletInstance</instance-ref>
				<region>left</region>
				<height>0</height>
				<properties>
					<property>
						<name>theme.windowRendererId</name>
						<value>emptyRenderer</value>
					</property>
					<property>
						<name>theme.decorationRendererId</name>
						<value>emptyRenderer</value>
					</property>
					<property>
						<name>theme.portletRendererId</name>
						<value>emptyRenderer</value>
					</property>
				</properties>
			</window>
			<window>
				<window-name>ect-stw-HomePortletWindow</window-name>
				<instance-ref>ect-stw-HomePortletInstance</instance-ref>
				<region>center</region>
				<height>0</height>
			</window>
			<window>
				<window-name>geportal-LinkNavigationPortletWindow</window-name>
				<instance-ref>geportal-LinkNavigationPortletInstance</instance-ref>
				<region>footer</region>
				<height>0</height>
				<properties>
					<property>
						<name>theme.windowRendererId</name>
						<value>emptyRenderer</value>
					</property>
					<property>
						<name>theme.decorationRendererId</name>
						<value>emptyRenderer</value>
					</property>
					<property>
						<name>theme.portletRendererId</name>
						<value>emptyRenderer</value>
					</property>
				</properties>
			</window>
			 <properties>
				<property>
					<name>layout.id</name>
					<value>ge-1-column</value>
				</property>
			</properties>
			<security-constraint>
				<policy-permission>
					<role-name>STW_User</role-name>
					<action-name>view</action-name>
				</policy-permission>
			</security-constraint>
		</page>
	</deployment>
	<deployment>
		<if-exists>overwrite</if-exists>
		<parent-ref>main</parent-ref>
		<page>
			<page-name>ect-stw-Tagger</page-name>
			<window>
				<window-name>geportal-HeaderPortletWindow</window-name>
				<instance-ref>geportal-HeaderPortletInstance</instance-ref>
				<region>header</region>
				<height>0</height>
				<properties>
					<property>
						<name>theme.windowRendererId</name>
						<value>emptyRenderer</value>
					</property>
					<property>
						<name>theme.decorationRendererId</name>
						<value>emptyRenderer</value>
					</property>
					<property>
						<name>theme.portletRendererId</name>
						<value>emptyRenderer</value>
					</property>
				</properties>
			</window>
			<window>
				<window-name>toolsportal-TabNavigationPortletWindow</window-name>
				<instance-ref>toolsportal-TabNavigationPortletInstance</instance-ref>
				<region>navigation</region>
				<height>0</height>
				<properties>
					<property>
						<name>theme.windowRendererId</name>
						<value>emptyRenderer</value>
					</property>
					<property>
						<name>theme.decorationRendererId</name>
						<value>emptyRenderer</value>
					</property>
					<property>
						<name>theme.portletRendererId</name>
						<value>emptyRenderer</value>
					</property>
				</properties>
			</window>
			<window>
				<window-name>ect-stw-PanelNavigationPortletWindow</window-name>
				<instance-ref>ect-stw-PanelNavigationPortletInstance</instance-ref>
				<region>left</region>
				<height>0</height>
				<properties>
					<property>
						<name>theme.windowRendererId</name>
						<value>emptyRenderer</value>
					</property>
					<property>
						<name>theme.decorationRendererId</name>
						<value>emptyRenderer</value>
					</property>
					<property>
						<name>theme.portletRendererId</name>
						<value>emptyRenderer</value>
					</property>
				</properties>
			</window>
			<window>
				<window-name>ect-stw-TaggerPortletWindow</window-name>
				<instance-ref>ect-stw-TaggerPortletInstance</instance-ref>
				<supported-window-states>
					<!--  
					<window-state>normal</window-state>
					<window-state>minimized</window-state>
					-->
					<window-state>maximized</window-state>
				</supported-window-states>
				<region>center</region>
				<height>0</height>
			</window>
			<window>
				<window-name>geportal-LinkNavigationPortletWindow</window-name>
				<instance-ref>geportal-LinkNavigationPortletInstance</instance-ref>
				<region>footer</region>
				<height>0</height>
				<properties>
					<property>
						<name>theme.windowRendererId</name>
						<value>emptyRenderer</value>
					</property>
					<property>
						<name>theme.decorationRendererId</name>
						<value>emptyRenderer</value>
					</property>
					<property>
						<name>theme.portletRendererId</name>
						<value>emptyRenderer</value>
					</property>
				</properties>
			</window>
			<properties>
				<property>
					<name>layout.id</name>
					<value>ge-1-column</value>
				</property>
			</properties>
			<security-constraint>
				<policy-permission>
					<role-name>STW_User</role-name>
					<action-name>view</action-name>
				</policy-permission>
			</security-constraint>
		</page>
	</deployment>
</deployments>