<?xml version='1.0' encoding='UTF-8'?>
<faces-config xmlns="http://java.sun.com/xml/ns/javaee" xmlns:xsi="http://www.w3.org/2001/XMLSchema-instance"
	xsi:schemaLocation="http://java.sun.com/xml/ns/javaee
  http://java.sun.com/xml/ns/javaee/web-facesconfig_1_0.xsd" version="1.2"
>
	<lifecycle>
		<phase-listener>com.ge.portal.faces.lifecycle.NavigationPhaseListener</phase-listener>
	</lifecycle>
	<lifecycle>
		<phase-listener>com.geinfra.geaviation.ectstw.common.faces.CustomPhaseListener</phase-listener>
	</lifecycle>
	<application>
		<variable-resolver>org.springframework.web.jsf.DelegatingVariableResolver</variable-resolver>
		<view-handler>org.jboss.portletbridge.application.PortletViewHandler</view-handler>
		<view-handler>com.geinfra.geaviation.ectstw.common.faces.CustomViewHandler</view-handler>
		<state-manager>org.jboss.portletbridge.application.PortletStateManager</state-manager>
	</application>
	<application>
		<resource-bundle>
			<base-name>com.geinfra.geaviation.ectstw.resource.PagesMessageBundle</base-name>
			<var>pagesMsg</var>
		</resource-bundle>
		<locale-config>
			<default-locale>en</default-locale>
			<supported-locale>en</supported-locale>
		</locale-config>
	</application>
	<!-- 
		<render-kit>
		<renderer>
		<description>override the viewroot</description>
		<component-family>javax.faces.ViewRoot</component-family>
		<renderer-type>org.jboss.portletbridge.ViewRoot</renderer-type>
		<renderer-class>org.jboss.portletbridge.renderkit.portlet.PortletAjaxViewRootRenderer</renderer-class>
		</renderer>
		</render-kit>
	-->
	<navigation-rule>
		<from-view-id>*</from-view-id>
		<navigation-case>
			<from-outcome>error</from-outcome>
			<to-view-id>/faces/error.jsp</to-view-id>
		</navigation-case>
	</navigation-rule>
	
	<navigation-rule>
		<from-view-id>/faces/dwb-tagger.jsp</from-view-id>
		<navigation-case>
			<from-outcome>rationalePage</from-outcome>
			<to-view-id>/faces/dwb-rational.jsp</to-view-id>
		</navigation-case>
	</navigation-rule>
	
	<navigation-rule>
		<from-view-id>/faces/dwb-rational.jsp</from-view-id>
		<navigation-case>
			<from-outcome>tagRulesPage</from-outcome>
			<to-view-id>/faces/dwb-tagger.jsp</to-view-id>
		</navigation-case>
		<navigation-case>
			<from-outcome>tagConfirmationPage</from-outcome>
			<to-view-id>/faces/dwb-confirm.jsp</to-view-id>
		</navigation-case>
	</navigation-rule>	
	
	<navigation-rule>
		<from-view-id>/faces/dwb-confirm.jsp</from-view-id>
		<navigation-case>
			<from-outcome>rationalePage</from-outcome>
			<to-view-id>/faces/dwb-rational.jsp</to-view-id>
		</navigation-case>
		<navigation-case>
			<from-outcome>taggedStausPage</from-outcome>
			<to-view-id>/faces/dwb-status.jsp</to-view-id>
		</navigation-case>
	</navigation-rule>
</faces-config>