<?xml version="1.0"?>

<portlet-app>
	<portlet>
		<portlet-name>ect-stw-HomePortlet</portlet-name>
		<session-config>
			<distributed>true</distributed>
		</session-config>
		<header-content>
			<script type="text/javascript">
				window.history.forward(1);
			</script>
		</header-content>
	</portlet>
	<portlet>
		<portlet-name>ect-stw-TaggerPortlet</portlet-name>
		<session-config>
			<distributed>true</distributed>
		</session-config>
	</portlet>
	<portlet>
		<portlet-name>ect-stw-PanelNavigationPortlet</portlet-name>
		<transaction>
			<trans-attribute>Required</trans-attribute>
		</transaction>
	</portlet>
	<service>
		<service-name>PortalObjectContainer</service-name>
		<service-class>org.jboss.portal.core.model.portal.PortalObjectContainer</service-class>
		<service-ref>:container=PortalObject</service-ref>
	</service>
	<service>
		<service-name>InstanceContainer</service-name>
		<service-class>org.jboss.portal.core.model.instance.InstanceContainer</service-class>
		<service-ref>:container=Instance</service-ref>
	</service>
	<service>
		<service-name>ThemeService</service-name>
		<service-class>org.jboss.portal.theme.ThemeService</service-class>
		<service-ref>:service=ThemeService</service-ref>
	</service>
	<service>
		<service-name>LayoutService</service-name>
		<service-class>org.jboss.portal.theme.LayoutService</service-class>
		<service-ref>:service=LayoutService</service-ref>
	</service>
	<service>
		<service-name>UserModule</service-name>
		<service-class>org.jboss.portal.identity.UserModule</service-class>
		<service-ref>:service=Module,type=User</service-ref>
	</service>
	<service>
		<service-name>RoleModule</service-name>
		<service-class>org.jboss.portal.identity.RoleModule</service-class>
		<service-ref>:service=Module,type=Role</service-ref>
	</service>
	<service>
		<service-name>UserProfileModule</service-name>
		<service-class>org.jboss.portal.identity.UserProfileModule</service-class>
		<service-ref>:service=Module,type=UserProfile</service-ref>
	</service>
	<service>
		<service-name>MembershipModule</service-name>
		<service-class>org.jboss.portal.identity.MembershipModule</service-class>
		<service-ref>:service=Module,type=Membership</service-ref>
	</service>
	<service>
		<service-name>MailModule</service-name>
		<service-class>org.jboss.portal.core.modules.MailModule</service-class>
		<service-ref>:service=Module,type=Mail</service-ref>
	</service>
	<service>
		<service-name>PortalAuthorizationManagerFactory</service-name>
		<service-class>org.jboss.portal.security.spi.auth.PortalAuthorizationManagerFactory</service-class>
		<service-ref>:service=PortalAuthorizationManagerFactory</service-ref>
	</service>
	<service>
		<service-name>AuthorizationDomainRegistry</service-name>
		<service-class>org.jboss.portal.security.AuthorizationDomainRegistry</service-class>
		<service-ref>:service=AuthorizationDomainRegistry</service-ref>
	</service>
	<service>
		<service-name>FederatingPortletInvoker</service-name>
		<service-class>org.jboss.portal.portlet.federation.FederatingPortletInvoker</service-class>
		<service-ref>:service=PortletInvoker,type=Federating</service-ref>
	</service>
	<service>
		<service-name>ListenerRegistry</service-name>
		<service-class>org.jboss.portal.core.event.PortalEventListenerRegistry</service-class>
		<service-ref>portal:service=ListenerRegistry</service-ref>
	</service>
</portlet-app>
