<?xml version="1.0" encoding="UTF-8" ?>
<!DOCTYPE log4j:configuration SYSTEM "log4j.dtd">
<log4j:configuration>
	<appender name="stdout" class="org.apache.log4j.ConsoleAppender">
		<layout class="org.apache.log4j.PatternLayout">
			<param name="ConversionPattern" value="[%-5p] %c{2} - %m\n" />
		</layout>
	</appender>
	
	<!--
	<appender name="log" class="org.apache.log4j.FileAppender">
		<param name="File" value="/opt/shared/log/web/jboss/ased327a/ect-stw.log" />
		<param name="MaxFileSize" value="500KB"/>
		<layout class="org.apache.log4j.PatternLayout">
			<param name="ConversionPattern" value="%d{MMM dd HH:mm:ss} %-5p [%t] %c{2} - %m\n" />
		</layout>
	</appender>
	-->
	
	<appender name="log" class="org.jboss.logging.appender.RollingFileAppender">
		<param name="File" value="/opt/shared/log/web/jboss/ased327a/ect-stw.log" />
		<param name="Append" value="false"/>
		<param name="MaxFileSize" value="500KB"/>
		<param name="MaxBackupIndex" value="5"/>		
		<layout class="org.apache.log4j.PatternLayout">
			<param name="ConversionPattern" value="%d{MMM dd HH:mm:ss} %-5p [%t] %c{2} - %m\n" />
		</layout>
	</appender>
	
	<category name="com.geinfra.geaviation.ectstw">
		<priority value="debug" />		
	</category>
	
	<!--  
	<category name="org.apache.log4j.xml">
		<priority value="debug" />		
	</category>
	-->
</log4j:configuration>
<!-- value="%d{MMM dd HH:mm:ss} %-5p [%t] %c{2} - %m\n"/> -->
