<?xml version="1.0" encoding="UTF-8"?>
<beans xmlns="http://www.springframework.org/schema/beans"
	xmlns:xsi="http://www.w3.org/2001/XMLSchema-instance"
	xmlns:aop="http://www.springframework.org/schema/aop"
	xsi:schemaLocation="http://www.springframework.org/schema/beans
              http://www.springframework.org/schema/beans/spring-beans-2.0.xsd
              http://www.springframework.org/schema/aop 
              http://www.springframework.org/schema/aop/spring-aop-2.0.xsd">

	<bean id="wrappingController"
		class="org.springframework.web.portlet.mvc.PortletWrappingController">
		<property name="portletClass"
			value="com.geinfra.geaviation.ectstw.common.CustomAuthPortlet" />
	</bean>

	<bean id="portletModeHandlerMapping"
		class="org.springframework.web.portlet.handler.PortletModeHandlerMapping">
		<property name="portletModeMap">
			<map>
				<entry key="view">
					<ref bean="wrappingController" />
				</entry>
				<entry key="edit">
					<ref bean="wrappingController" />
				</entry>
				<entry key="help">
					<ref bean="wrappingController" />
				</entry>
			</map>
		</property>
	</bean>
</beans>

