<portlet-app version="1.0" xmlns:xsi="http://www.w3.org/2001/XMLSchema-instance"
                           xsi:schemaLocation="http://java.sun.com/xml/ns/portlet"
                           xmlns="http://java.sun.com/xml/ns/portlet">
	  
    <user-attribute>
		<description>First Name</description>
		<name>user.name.given</name>
	</user-attribute>

	<user-attribute>
		<description>Last Name</description>
		<name>user.name.family</name>
	</user-attribute>

	<user-attribute>
		<description>Company Name</description>
		<name>user.company</name>
	</user-attribute>

	<user-attribute>
		<description>Email Address</description>
		<name>user.business-info.online.email</name>
	</user-attribute>

	<user-attribute>
		<description>Employee Type</description>
		<name>user.employee.type</name>
	</user-attribute>

	<user-attribute>
		<description>US Person Indicator</description>
		<name>user.usperson</name>
	</user-attribute>

	<user-attribute>
		<description>Supervisor</description>
		<name>user.supervisor</name>
	</user-attribute>

	<user-attribute>
		<description>Legacy Aviation Username</description>
		<name>user.altuid</name>
	</user-attribute>

	<user-attribute>
		<description>Session Token Value</description>
		<name>user.smsession</name>
	</user-attribute>
    
    <portlet>
		<portlet-name>ect-stw-PanelNavigationPortlet</portlet-name>
		<portlet-class>			
			com.ge.portal.navigation.PanelNavigationPortlet
		</portlet-class>
		<display-name>Panel Navigation Portlet</display-name>
		<description>Vertical (side) Navigation</description>
		<expiration-cache>0</expiration-cache>
		<supports>
			<mime-type>text/html</mime-type>
			<portlet-mode>VIEW</portlet-mode>
		</supports>
		<portlet-info>
			<title>Navigation</title>
		</portlet-info>
	</portlet>
    
    <portlet>
		<portlet-name>ect-stw-HomePortlet</portlet-name>
		<portlet-class>
			com.geinfra.geaviation.ectstw.common.HomeTaggerPortlet
		</portlet-class>
		<display-name>Single Tagging Wizard</display-name>
		<expiration-cache>0</expiration-cache>
		<init-param>
            <name>javax.portlet.faces.preserveActionParams</name>
            <value>true</value>
        </init-param>
		<supports>
			<mime-type>text/html</mime-type>
			<portlet-mode>VIEW</portlet-mode>
		</supports>
		<portlet-info>
			<title>Single Tagging Wizard</title>
		</portlet-info>
	</portlet>
 	
 	<portlet>
		<portlet-name>ect-stw-TaggerPortlet</portlet-name>
		<portlet-class>
			org.springframework.web.portlet.DispatcherPortlet
		</portlet-class>
		<display-name>Single Tagging Wizard</display-name>
		<expiration-cache>0</expiration-cache>
		<init-param>
			<name>contextConfigLocation</name>
			<value>/WEB-INF/mode.xml</value>
		</init-param>
		<init-param>
			<name>javax.portlet.faces.defaultViewId.view</name>
			<value>/faces/dwb-tagger.jsp</value>
		</init-param>
		<init-param>
            <name>javax.portlet.faces.preserveActionParams</name>
            <value>true</value>
        </init-param>
		<supports>
			<mime-type>text/html</mime-type>
			<portlet-mode>VIEW</portlet-mode>
		</supports>
		<portlet-info>
			<title>Single Tagging Wizard</title>
		</portlet-info>
	</portlet>	
	
</portlet-app>
