<?xml version="1.0" encoding="UTF-8"?>
<deployments>

	<deployment>
		<if-exists>overwrite</if-exists>
		<instance>
			<instance-id>ect-stw-PanelNavigationPortletInstance</instance-id>
			<portlet-ref>ect-stw-PanelNavigationPortlet</portlet-ref>
			<preferences>
				<preference>
					<name>nav-data-url</name>
					<value>file:/opt/shared/data/j2ee/ect-stw/navigation/ect-stw-AppNav.xml</value>
				</preference>
			</preferences>
		</instance>
	</deployment>
	
	<deployment>
		<if-exists>overwrite</if-exists>
		<instance>
			<instance-id>ect-stw-HomePortletInstance</instance-id>
			<portlet-ref>ect-stw-HomePortlet</portlet-ref>
		</instance>
	</deployment>
	
	<deployment>
		<if-exists>overwrite</if-exists>
		<instance>
			<instance-id>ect-stw-TaggerPortletInstance</instance-id>
			<portlet-ref>ect-stw-TaggerPortlet</portlet-ref>
		</instance>
	</deployment>

</deployments>